{
    "Unnamed: 0":0,
    "PlayerName":"Grayson Allen",
    "Date":202110190,
    "Team":"MIL",
    "Opp":"BKN",
    "min_0":1.0,
    "min_1":1.0,
    "min_2":1.0,
    "min_3":1.0,
    "min_4":1.0,
    "min_5":1.0,
    "min_6":0.7833333333,
    "min_7":0.0,
    "min_8":0.0,
    "min_9":0.0,
    "min_10":0.0,
    "min_11":0.0,
    "min_12":1.0,
    "min_13":1.0,
    "min_14":1.0,
    "min_15":1.0,
    "min_16":1.0,
    "min_17":1.0,
    "min_18":0.3166666667,
    "min_19":0.0,
    "min_20":0.0,
    "min_21":0.0,
    "min_22":0.0,
    "min_23":0.0,
    "min_24":1.0,
    "min_25":1.0,
    "min_26":1.0,
    "min_27":1.0,
    "min_28":1.0,
    "min_29":1.0,
    "min_30":0.6,
    "min_31":0.0,
    "min_32":0.0,
    "min_33":0.0,
    "min_34":0.0,
    "min_35":0.0,
    "min_36":0.5666666667,
    "min_37":1.0,
    "min_38":1.0,
    "min_39":1.0,
    "min_40":1.0,
    "min_41":1.0,
    "min_42":1.0,
    "min_43":1.0,
    "min_44":0.2166666667,
    "min_45":0.0,
    "min_46":0.0,
    "min_47":0.0
}