,MinutesPlayed,Status
0,7.458167330677291,1.0
1,8.46215139442231,0.0
2,8.079681274900398,1.0
3,2.199203187250996,1.0
4,9.848605577689243,0.0
5,3.7290836653386457,1.0
6,8.223107569721115,0.0
