,MinutesPlayed,Status
0,7.458167330677291,1.0
1,7.314741035856574,0.0
2,9.227091633466134,1.0
3,5.354581673306773,1.0
4,6.6454183266932265,0.0
5,3.0119521912350598,1.0
6,8.98804780876494,0.0
