,MinutesPlayed,Status
0,5.593625498007968,1.0
1,4.111553784860558,0.0
2,2.342629482071713,1.0
3,3.7290836653386457,1.0
4,8.223107569721115,0.0
5,6.3585657370517925,1.0
6,5.6414342629482075,0.0
7,4.207171314741036,1.0
8,7.792828685258964,0.0
