,MinutesPlayed,Status
0,9.561752988047807,1.0
1,6.3585657370517925,0.0
2,8.079681274900398,1.0
3,12.0,1.0
4,12.0,0.0
