,MinutesPlayed,Status
0,39.0597609561753,0.0
1,8.9402390438247,1.0
