,MinutesPlayed,Status
0,7.553784860557769,0.0
1,4.49402390438247,1.0
2,3.7768924302788847,1.0
3,10.613545816733067,0.0
4,9.609561752988046,1.0
5,11.952191235059761,0.0
