,MinutesPlayed,Status
0,5.6414342629482075,0.0
1,6.3585657370517925,1.0
2,2.6294820717131473,1.0
3,2.7250996015936253,0.0
4,6.6932270916334655,1.0
5,5.49800796812749,0.0
6,6.5019920318725095,1.0
7,11.952191235059761,0.0
