,MinutesPlayed,Status
0,10.326693227091633,1.0
1,5.593625498007968,0.0
2,8.079681274900398,1.0
3,12.0,1.0
4,12.0,0.0
