,MinutesPlayed,Status
0,40.01593625498008,0.0
1,7.98406374501992,1.0
