,MinutesPlayed,Status
0,40.30278884462152,0.0
1,7.697211155378486,1.0
