,MinutesPlayed,Status
0,10.613545816733067,0.0
1,1.3864541832669321,0.0
2,3.7768924302788847,1.0
3,20.223107569721115,0.0
4,12.0,1.0
