,MinutesPlayed,Status
0,7.553784860557769,0.0
1,4.49402390438247,1.0
2,5.163346613545817,1.0
3,13.338645418326692,0.0
4,5.49800796812749,1.0
5,11.952191235059761,1.0
